<!--
============================================
; Title: Assignment 7.2
; Author: Professor Krasso
; Date: 17 February 2022
; Modified By: Joel Hartung
; Description: books.xml
;===========================================
-->

<books>
    <book>
        <isbn>9780345339683</isbn>
        <title>The Hobbit or There and Back Again</title>
        <description>N/A</description>
        <pages>287</pages>
        <authors>J.R.R. Tolkien</authors>
    </book>
    <book>
        <isbn>9780261103573</isbn>
        <title>The Fellowship of the Ring</title>
        <description>Being the First Part of the Lord of the Rings</description>
        <pages>416</pages>
        <authors>J.R.R. Tolkien</authors>
    </book>
    <book>
        <isbn>9780261102361</isbn>
        <title>The Two Towers</title>
        <description>Being the Second Part of the Lord of the Rings</description>
        <pages>442</pages>
        <authors>J.R.R. Tolkien</authors>
    </book>
    <book>
        <isbn>9780261102378</isbn>
        <title>The Return of the King</title>
        <description>Being the Third Part of the Lord of the Rings</description>
        <pages>556</pages>
        <authors>J.R.R. Tolkien</authors>
    </book>
    <book>
        <isbn>9780261102378</isbn>
        <title>Dune: Deluxe Edition</title>
        <description>N/A</description>
        <pages>688</pages>
        <authors>Frank Herbert</authors>
    </book>
    <book>
        <isbn>9780316769532</isbn>
        <title>The Cacher and the Rye</title>
        <description>N/A</description>
        <pages>277</pages>
        <authors>J.D. Salinger</authors>
    </book>
</books>